{"schemaVersion":"1.0","appDefinitionTemplate":{"id":"/providers/Microsoft.PowerApps/apps/","type":"Microsoft.PowerApps/apps","tags":{"primaryDeviceWidth":"1366","primaryDeviceHeight":"768","supportsPortrait":"true","supportsLandscape":"true","primaryFormFactor":"Tablet","showStatusBar":"false","publisherVersion":"3.23122.19","minimumRequiredApiVersion":"2.2.0","hasComponent":"false","hasUnlockedComponent":"false","isUnifiedRootApp":"false","offlineLargeFilesSupport":"false","sienaVersion":"20240110T201920Z-3.23122.19.0"},"properties":{"appVersion":"2024-01-10T20:19:20Z","lifeCycleId":"Published","createdByClientVersion":{"major":3,"minor":23122,"build":19,"revision":0,"majorRevision":0,"minorRevision":0},"minClientVersion":{"major":3,"minor":23122,"build":19,"revision":0,"majorRevision":0,"minorRevision":0},"backgroundColor":"rgba(255, 255, 255, 1)","backgroundImageUri":"/9684247096230533822/N4be61006-8aef-4722-87e4-dda8930e7bfe-logoSmallFile","displayName":"Machine Ordering App","description":"Machine ordering app. Selection and comparison.","commitMessage":"","appUris":{"documentUri":{"value":"/9684247096230533822/Nce99d6e9-59e6-4bcc-a19d-721814e85464-document.msapp"},"imageUris":[],"additionalUris":[{"isSolutionAware":false,"value":"/9684247096230533822/Nf25a0f74-3e7c-4fe7-a363-fb4be18452b5-identity.json"}]},"createdTime":"0001-01-01T00:00:00Z","lastModifiedTime":"0001-01-01T00:00:00Z","sharedGroupsCount":0,"sharedUsersCount":0,"connectionReferences":{},"databaseReferences":{},"almMode":"Solution","performanceOptimizationEnabled":true,"canConsumeAppPass":true,"enableModernRuntimeMode":false,"executionRestrictions":{"isTeamsOnly":false,"dataLossPreventionEvaluationResult":{"status":"Compliant","lastEvaluationDate":"2024-01-06T16:14:10.6570964Z","violations":[],"violationsByPolicy":[],"violationErrorMessage":"The app uses the following connectors: ."}}},"appType":"ClassicCanvasApp","appComponents":[]}}